"","IUCNName","Year","IUCN_code","IUCN_cat","Taxon"
"1","Acanthophippium striatum",,,,"Acanthophippium striatum"
"2","Acianthera miqueliana",,,,"Acianthera miqueliana"
"3","Acianthera tikalensis",,,,"Acianthera tikalensis"
"4","Acriopsis indica",,,,"Acriopsis indica"
"5","Adenia firingalavensis",,,,"Adenia firingalavensis"
"6","Adenia olaboensis",,,,"Adenia olaboensis"
"7","Aerangis articulata",,,,"Aerangis articulata"
"8","Aerangis citrata",,,,"Aerangis citrata"
"9","Aerangis cryptodon",,,,"Aerangis cryptodon"
"10","Aerangis curnowiana",,,,"Aerangis curnowiana"
"11","Aerangis decaryana",,,,"Aerangis decaryana"
"12","Aerangis ellisii",,,,"Aerangis ellisii"
"13","Aerangis fastuosa",,,,"Aerangis fastuosa"
"14","Aerangis fuscata",,,,"Aerangis fuscata"
"15","Aerangis hyaloides","2019","VU","Vulnerable","Aerangis hyaloides"
"16","Aerangis macrocentra","2016","NT","Near Threatened","Aerangis macrocentra"
"17","Aerangis modesta",,,,"Aerangis modesta"
"18","Aerangis pallidiflora","2019","VU","Vulnerable","Aerangis pallidiflora"
"19","Aerangis punctata","2019","NT","Near Threatened","Aerangis punctata"
"20","Aerangis stylosa",,,,"Aerangis stylosa"
"21","Aeranthes arachnites",,,,"Aeranthes arachnites"
"22","Aeranthes grandiflora",,,,"Aeranthes grandiflora"
"23","Aeranthes nidus",,,,"Aeranthes nidus"
"24","Aeranthes peyrotii","2021","LC","Least Concern","Aeranthes peyrotii"
"25","Aeranthes ramosa",,,,"Aeranthes ramosa"
"26","Aerides crassifolia",,,,"Aerides crassifolia"
"27","Aerides falcata",,,,"Aerides falcata"
"28","Aerides multiflora",,,,"Aerides multiflora"
"29","Aerides odorata",,,,"Aerides odorata"
"30","Aerides rubescens",,,,"Aerides rubescens"
"31","Alluaudia comosa","2019","VU","Vulnerable","Alluaudia comosa"
"32","Alluaudia procera","2019","LC","Least Concern","Alluaudia procera"
"33","Alluaudia procera","1998","nt","Not Threatened","Alluaudia procera"
"34","Alluaudia procera","1998","LR/nt","Lower Risk/near threatened","Alluaudia procera"
"35","Alluaudiopsis fiherenensis","2019","VU","Vulnerable","Alluaudiopsis fiherenensis"
"36","Aloe antandroi","2020","VU","Vulnerable","Aloe antandroi"
"37","Aloe arborescens","2019","LC","Least Concern","Aloe arborescens"
"38","Aloe aristata",,,,"Aloe aristata"
"39","Aloe barberae",,,,"Aloe barberae"
"40","Aloe capitata","2020","LC","Least Concern","Aloe capitata"
"41","Aloe conifera",,,,"Aloe conifera"
"42","Aloe deltoideodonta","2020","LC","Least Concern","Aloe deltoideodonta"
"43","Aloidendron dichotomum","2022","VU","Vulnerable","Aloe dichotoma"
"44","Aloe divaricata","2020","LC","Least Concern","Aloe divaricata"
"45","Aloe droseroides","2020","EN","Endangered","Aloe droseroides"
"46","Aloe ecklonis",,,,"Aloe ecklonis"
"47","Aloe erythrophylla",,,,"Aloe erythrophylla"
"48","Aloe ferox",,,,"Aloe ferox"
"49","Aloe humbertii","2020","LC","Least Concern","Aloe humbertii"
"50","Aloe inexpectata","2020","EN","Endangered","Aloe inexpectata"
"51","Aloe plicatilis",,,,"Aloe plicatilis"
"52","Aloe polyphylla",,,,"Aloe polyphylla"
"53","Aloe pratensis",,,,"Aloe pratensis"
"54","Aloe pronkii","2020","EN","Endangered","Aloe pronkii"
"55","Aloe vaombe","2020","LC","Least Concern","Aloe vaombe"
"56","Alsophila borinquena",,,,"Alsophila borinquena"
"57","Alsophila cunninghamii",,,,"Alsophila cunninghamii"
"58","Alsophila dregei",,,,"Alsophila dregei"
"59","Sphaeropteris glauca","2019","LC","Least Concern","Alsophila smithii"
"60","Sphaeropteris glauca","2019","LC","Least Concern","Sphaeropteris glauca"
"61","Angraecum alleizettei","2019","EN","Endangered","Angraecum alleizettei"
"62","Angraecum ankeranense","2019","EN","Endangered","Angraecum ankeranense"
"63","Angraecum bicallosum","2019","EN","Endangered","Angraecum bicallosum"
"64","Angraecum breve",,,,"Angraecum breve"
"65","Angraecum clavigerum","2021","NT","Near Threatened","Angraecum clavigerum"
"66","Angraecum compactum","2016","LC","Least Concern","Angraecum compactum"
"67","Angraecum coutrixii","2018","EN","Endangered","Angraecum coutrixii"
"68","Angraecum coutrixii","2013","EN","Endangered","Angraecum coutrixii"
"69","Angraecum didieri",,,,"Angraecum didieri"
"70","Angraecum dollii",,,,"Angraecum dollii"
"71","Angraecum drouhardii",,,,"Angraecum drouhardii"
"72","Angraecum eburneum",,,,"Angraecum eburneum"
"73","Angraecum elephantinum",,,,"Angraecum elephantinum"
"74","Angraecum equitans","2021","VU","Vulnerable","Angraecum equitans"
"75","Angraecum filicornu",,,,"Angraecum filicornu"
"76","Angraecum germinyanum",,,,"Angraecum germinyanum"
"77","Angraecum gracile",,,,"Angraecum gracile"
"78","Angraecum humblotianum","2013","EN","Endangered","Angraecum humblotianum"
"79","Angraecum lecomtei",,,,"Angraecum lecomtei"
"80","Angraecum leonis",,,,"Angraecum leonis"
"81","Angraecum magdalenae",,,,"Angraecum magdalenae"
"82","Angraecum mahavavense","2015","CR","Critically Endangered","Angraecum mahavavense"
"83","Angraecum obesum","2015","EN","Endangered","Angraecum obesum"
"84","Angraecum pinifolium","2018","EN","Endangered","Angraecum pinifolium"
"85","Angraecum pinifolium","2013","CR","Critically Endangered","Angraecum pinifolium"
"86","Angraecum popowii",,,,"Angraecum popowii"
"87","Angraecum praestans",,,,"Angraecum praestans"
"88","Angraecum protensum","2015","EN","Endangered","Angraecum protensum"
"89","Angraecum pseudofilicornu","2019","VU","Vulnerable","Angraecum pseudofilicornu"
"90","Angraecum ramosum",,,,"Angraecum ramosum"
"91","Angraecum rutenbergianum",,,,"Angraecum rutenbergianum"
"92","Angraecum scottianum",,,,"Angraecum scottianum"
"93","Angraecum sesquipedale",,,,"Angraecum sesquipedale"
"94","Angraecum sororium",,,,"Angraecum sororium"
"95","Angraecum teretifolium","2021","NT","Near Threatened","Angraecum teretifolium"
"96","Angraecum triquetrum",,,,"Angraecum triquetrum"
"97","Angraecum urschianum",,,,"Angraecum urschianum"
"98","Angraecum viguieri","2021","LC","Least Concern","Angraecum viguieri"
"99","Anoectochilus brevilabris",,,,"Anoectochilus brevilabris"
"100","Aquilaria beccariana","2018","VU","Vulnerable","Aquilaria beccariana"
"101","Aquilaria beccariana","1998","VU","Vulnerable","Aquilaria beccariana"
"102","Aquilaria crassna","2018","CR","Critically Endangered","Aquilaria crassna"
"103","Aquilaria crassna","1998","CR","Critically Endangered","Aquilaria crassna"
"104","Aquilaria malaccensis","2018","CR","Critically Endangered","Aquilaria malaccensis"
"105","Aquilaria malaccensis","1998","VU","Vulnerable","Aquilaria malaccensis"
"106","Aquilaria subintegra","2018","DD","Data Deficient","Aquilaria subintegra"
"107","Arachnis flos-aeris",,,,"Arachnis flos-aeris"
"108","Arpophyllum giganteum",,,,"Arpophyllum giganteum"
"109","Arpophyllum spicatum",,,,"Arpophyllum spicatum"
"110","Arundina graminifolia",,,,"Arundina graminifolia"
"111","Ascocentrum christensonianum",,,,"Ascocentrum christensonianum"
"112","Ascocentrum miniatum",,,,"Ascocentrum miniatum"
"113","Astrophytum capricorne","2013","LC","Least Concern","Astrophytum capricorne"
"114","Astrophytum coahuilense","2017","VU","Vulnerable","Astrophytum coahuilense"
"115","Astrophytum coahuilense","2013","VU","Vulnerable","Astrophytum coahuilense"
"116","Astrophytum myriostigma","2017","LC","Least Concern","Astrophytum myriostigma"
"117","Astrophytum myriostigma","2013","LC","Least Concern","Astrophytum myriostigma"
"118","Astrophytum ornatum","2017","VU","Vulnerable","Astrophytum ornatum"
"119","Astrophytum ornatum","2013","VU","Vulnerable","Astrophytum ornatum"
"120","Barkeria obovata",,,,"Barkeria obovata"
"121","Barkeria spectabilis",,,,"Barkeria spectabilis"
"122","Beclardia macrostachya",,,,"Beclardia macrostachya"
"123","Bletia patula",,,,"Bletia patula"
"124","Bletia purpurea",,,,"Bletia purpurea"
"125","Bletilla striata",,,,"Bletilla striata"
"126","Bowenia serrulata","2022","LC","Least Concern","Bowenia serrulata"
"127","Bowenia serrulata","2010","LC","Least Concern","Bowenia serrulata"
"128","Bowenia serrulata","2003","LC","Least Concern","Bowenia serrulata"
"129","Brachycorythis galeandra",,,,"Brachycorythis galeandra"
"130","Brachypeza semiteretifolia",,,,"Brachypeza semiteretifolia"
"131","Brassavola acaulis",,,,"Brassavola acaulis"
"132","Brassavola cordata",,,,"Brassavola cordata"
"133","Brassavola cucullata",,,,"Brassavola cucullata"
"134","Brassavola nodosa",,,,"Brassavola nodosa"
"135","Brassavola venosa",,,,"Brassavola venosa"
"136","Brassia caudata",,,,"Brassia caudata"
"137","Brassia maculata","2018","LC","Least Concern","Brassia maculata"
"138","Brassia verrucosa","2013","LC","Least Concern","Brassia verrucosa"
"139","Bromheadia aporoides",,,,"Bromheadia aporoides"
"140","Broughtonia negrilensis","2018","EN","Endangered","Broughtonia negrilensis"
"141","Broughtonia sanguinea",,,,"Broughtonia sanguinea"
"142","Bryobium hyacinthoides",,,,"Bryobium hyacinthoides"
"143","Bulbophyllum affine",,,,"Bulbophyllum affine"
"144","Bulbophyllum alexandrae",,,,"Bulbophyllum alexandrae"
"145","Bulbophyllum baronii","2015","LC","Least Concern","Bulbophyllum baronii"
"146","Bulbophyllum boiteaui","2021","VU","Vulnerable","Bulbophyllum boiteaui"
"147","Bulbophyllum callosum","2019","EN","Endangered","Bulbophyllum callosum"
"148","Bulbophyllum careyanum",,,,"Bulbophyllum careyanum"
"149","Bulbophyllum cirrhoglossum",,,,"Bulbophyllum cirrhoglossum"
"150","Bulbophyllum comosum",,,,"Bulbophyllum comosum"
"151","Bulbophyllum coriophorum",,,,"Bulbophyllum coriophorum"
"152","Bulbophyllum elassonotum",,,,"Bulbophyllum elassonotum"
"153","Bulbophyllum evrardii","2018","EN","Endangered","Bulbophyllum evrardii"
"154","Bulbophyllum flabellum-veneris",,,,"Bulbophyllum flabellum-veneris"
"155","Bulbophyllum frostii",,,,"Bulbophyllum frostii"
"156","Bulbophyllum hamelinii","2018","VU","Vulnerable","Bulbophyllum hamelini"
"157","Bulbophyllum hamelinii","2013","NT","Near Threatened","Bulbophyllum hamelini"
"158","Bulbophyllum horizontale","2019","EN","Endangered","Bulbophyllum horizontale"
"159","Bulbophyllum horizontale","2015","EN","Endangered","Bulbophyllum horizontale"
"160","Bulbophyllum leandrianum",,,,"Bulbophyllum leandrianum"
"161","Bulbophyllum lemniscatoides",,,,"Bulbophyllum lemniscatoides"
"162","Bulbophyllum lobbii",,,,"Bulbophyllum lobbii"
"163","Bulbophyllum macranthum","2013","LC","Least Concern","Bulbophyllum macranthum"
"164","Bulbophyllum macrocoleum",,,,"Bulbophyllum macrocoleum"
"165","Bulbophyllum monanthum",,,,"Bulbophyllum monanthum"
"166","Bulbophyllum nigrescens",,,,"Bulbophyllum nigrescens"
"167","Bulbophyllum occlusum",,,,"Bulbophyllum occlusum"
"168","Bulbophyllum occultum",,,,"Bulbophyllum occultum"
"169","Bulbophyllum odoratissimum",,,,"Bulbophyllum odoratissimum"
"170","Bulbophyllum odoratum",,,,"Bulbophyllum odoratum"
"171","Bulbophyllum pectenveneris",,,,"Bulbophyllum pectenveneris"
"172","Bulbophyllum picturatum",,,,"Bulbophyllum picturatum"
"173","Bulbophyllum putidum",,,,"Bulbophyllum putidum"
"174","Bulbophyllum refractum",,,,"Bulbophyllum refractum"
"175","Bulbophyllum sigaldiae",,,,"Bulbophyllum sigaldiae"
"176","Bulbophyllum spathulatum",,,,"Bulbophyllum spathulatum"
"177","Bulbophyllum sulfureum","2019","EN","Endangered","Bulbophyllum sulfureum"
"178","Bulbophyllum tixieri",,,,"Bulbophyllum tixieri"
"179","Bulbophyllum tortisepalum",,,,"Bulbophyllum tortisepalum"
"180","Calanthe cardioglossa",,,,"Calanthe cardioglossa"
"181","Calanthe densiflora",,,,"Calanthe densiflora"
"182","Calanthe madagascariensis","2016","LC","Least Concern","Calanthe madagascariensis"
"183","Calanthe puberula",,,,"Calanthe puberula"
"184","Calanthe rubens",,,,"Calanthe rubens"
"185","Calanthe sylvatica",,,,"Calanthe sylvatica"
"186","Calanthe triplicata",,,,"Calanthe triplicata"
"187","Calanthe vestita",,,,"Calanthe vestita"
"188","Campylocentrum micranthum",,,,"Campylocentrum micranthum"
"189","Campylocentrum pachyrrhizum",,,,"Campylocentrum pachyrrhizum"
"190","Carnegiea gigantea","2013","LC","Least Concern","Carnegiea gigantea"
"191","Catasetum integerrimum",,,,"Catasetum integerrimum"
"192","Catasetum tenebrosum",,,,"Catasetum tenebrosum"
"193","Cattleya bowringiana",,,,"Cattleya bowringiana"
"194","Cattleya guatemalensis",,,,"Cattleya guatemalensis"
"195","Cattleya luteola",,,,"Cattleya luteola"
"196","Cattleya maxima",,,,"Cattleya maxima"
"197","Cattleya rex",,,,"Cattleya rex"
"198","Caucaea phalaenopsis",,,,"Caucaea phalaenopsis"
"199","Caularthron bilamellatum",,,,"Caularthron bilamellatum"
"200","Christensonia vietnamica",,,,"Christensonia vietnamica"
"201","Chysis aurea",,,,"Chysis aurea"
"202","Chysis bractescens",,,,"Chysis bractescens"
"203","Cibotium barometz",,,,"Cibotium barometz"
"204","Cleisostoma arietinum",,,,"Cleisostoma arietinum"
"205","Cleisostoma birmanicum",,,,"Cleisostoma birmanicum"
"206","Cleisostoma filiforme",,,,"Cleisostoma filiforme"
"207","Cleisostoma inflatum",,,,"Cleisostoma inflatum"
"208","Cleisostoma tenuifolium",,,,"Cleisostoma tenuifolium"
"209","Cochleanthes flabelliformis",,,,"Cochleanthes flabelliformis"
"210","Coelia bella",,,,"Coelia bella"
"211","Coelia triptera",,,,"Coelia triptera"
"212","Coelogyne assamica",,,,"Coelogyne assamica"
"213","Coelogyne filipeda",,,,"Coelogyne filipeda"
"214","Coelogyne fimbriata",,,,"Coelogyne fimbriata"
"215","Coelogyne lawrenceana",,,,"Coelogyne lawrenceana"
"216","Coelogyne mooreana",,,,"Coelogyne mooreana"
"217","Coelogyne ovalis",,,,"Coelogyne ovalis"
"218","Coelogyne rigida","2013","LC","Least Concern","Coelogyne rigida"
"219","Coelogyne sanderae",,,,"Coelogyne sanderae"
"220","Coelogyne tomentosa",,,,"Coelogyne tomentosa"
"221","Coelogyne virescens",,,,"Coelogyne virescens"
"222","Coelogyne viscosa",,,,"Coelogyne viscosa"
"223","Comparettia falcata",,,,"Comparettia falcata"
"224","Comparettia macroplectron",,,,"Comparettia macroplectron"
"225","Corryocactus brevistylus","2013","LC","Least Concern","Corryocactus brevistylus"
"226","Coryanthes maculata",,,,"Coryanthes maculata"
"227","Coryanthes speciosa",,,,"Coryanthes speciosa"
"228","Coryphantha poselgeriana","2013","LC","Least Concern","Coryphantha poselgeriana"
"229","Crepidium acuminatum",,,,"Crepidium acuminatum"
"230","Cryptopus paniculatus","2019","EN","Endangered","Cryptopus paniculatus"
"231","Cuitlauzina pulchella",,,,"Cuitlauzina pulchella"
"232","Cumulopuntia sphaerica","2017","LC","Least Concern","Cumulopuntia sphaerica"
"233","Cumulopuntia sphaerica","2013","LC","Least Concern","Cumulopuntia sphaerica"
"234","Cyathea australis",,,,"Cyathea australis"
"235","Cyathea dealbata",,,,"Cyathea dealbata"
"236","Cyathea medullaris",,,,"Cyathea medullaris"
"237","Cycas angulata","2022","LC","Least Concern","Cycas angulata"
"238","Cycas armstrongii","2022","VU","Vulnerable","Cycas armstrongii"
"239","Cycas armstrongii","2010","VU","Vulnerable","Cycas armstrongii"
"240","Cycas armstrongii","2003","LC","Least Concern","Cycas armstrongii"
"241","Cycas beddomei","2022","EN","Endangered","Cycas beddomei"
"242","Cycas beddomei","2010","EN","Endangered","Cycas beddomei"
"243","Cycas beddomei","2003","CR","Critically Endangered","Cycas beddomei"
"244","Cycas beddomei","1998","E","Endangered","Cycas beddomei"
"245","Cycas media","2010","LC","Least Concern","Cycas media"
"246","Cycas media","2003","LC","Least Concern","Cycas media"
"247","Cycas megacarpa","2022","VU","Vulnerable","Cycas megacarpa"
"248","Cycas megacarpa","2010","VU","Vulnerable","Cycas megacarpa"
"249","Cycas megacarpa","2003","EN","Endangered","Cycas megacarpa"
"250","Cycas megacarpa","1998","V","Vulnerable","Cycas megacarpa"
"251","Cycas ophiolitica","2010","VU","Vulnerable","Cycas ophiolitica"
"252","Cycas ophiolitica","2003","NT","Near Threatened","Cycas ophiolitica"
"253","Cycas ophiolitica","1998","V","Vulnerable","Cycas ophiolitica"
"254","Cycas pectinata","2010","VU","Vulnerable","Cycas pectinata"
"255","Cycas pectinata","2003","VU","Vulnerable","Cycas pectinata"
"256","Cycas revoluta","2010","LC","Least Concern","Cycas revoluta"
"257","Cycas revoluta","2003","NT","Near Threatened","Cycas revoluta"
"258","Cycas siamensis","2010","VU","Vulnerable","Cycas siamensis"
"259","Cycas siamensis","2003","VU","Vulnerable","Cycas siamensis"
"260","Cycas thouarsii","2010","LC","Least Concern","Cycas thouarsii"
"261","Cycas thouarsii","2003","LC","Least Concern","Cycas thouarsii"
"262","Cyclamen cilicium",,,,"Cyclamen cilicium"
"263","Cyclamen colchicum",,,,"Cyclamen colchicum"
"264","Cyclamen coum",,,,"Cyclamen coum"
"265","Cyclamen coum caucasicum",,,,"Cyclamen coum caucasicum"
"266","Cyclamen hederifolium",,,,"Cyclamen hederifolium"
"267","Cycnoches egertonianum",,,,"Cycnoches egertonianum"
"268","Cycnoches ventricosum",,,,"Cycnoches ventricosum"
"269","Cylindrolobus biflorus",,,,"Cylindrolobus biflorus"
"270","Cylindropuntia acanthocarpa","2017","LC","Least Concern","Cylindropuntia acanthocarpa"
"271","Cylindropuntia acanthocarpa","2013","LC","Least Concern","Cylindropuntia acanthocarpa"
"272","Cylindropuntia caribaea","2013","LC","Least Concern","Cylindropuntia caribaea"
"273","Cymbidiella falcigera","2014","LC","Least Concern","Cymbidiella falcigera"
"274","Cymbidiella flabellata",,,,"Cymbidiella flabellata"
"275","Cymbidiella pardalina","2019","EN","Endangered","Cymbidiella pardalina"
"276","Cymbidium aloifolium",,,,"Cymbidium aloifolium"
"277","Cymbidium dayanum",,,,"Cymbidium dayanum"
"278","Cymbidium devonianum",,,,"Cymbidium devonianum"
"279","Cymbidium eburneum",,,,"Cymbidium eburneum"
"280","Cymbidium elegans",,,,"Cymbidium elegans"
"281","Cymbidium ensifolium",,,,"Cymbidium ensifolium"
"282","Cymbidium erythraeum",,,,"Cymbidium erythraeum"
"283","Cymbidium erythrostylum",,,,"Cymbidium erythrostylum"
"284","Cymbidium finlaysonianum",,,,"Cymbidium finlaysonianum"
"285","Cymbidium insigne",,,,"Cymbidium insigne"
"286","Cymbidium iridioides",,,,"Cymbidium iridioides"
"287","Cymbidium kanran",,,,"Cymbidium kanran"
"288","Cymbidium lancifolium",,,,"Cymbidium lancifolium"
"289","Cymbidium lowianum",,,,"Cymbidium lowianum"
"290","Cymbidium munronianum",,,,"Cymbidium munronianum"
"291","Cymbidium sinense",,,,"Cymbidium sinense"
"292","Cynorkis flexuosa",,,,"Cynorkis flexuosa"
"293","Cynorkis gibbosa","2015","LC","Least Concern","Cynorkis gibbosa"
"294","Cynorkis perrieri","2015","EN","Endangered","Cynorkis perrieri"
"295","Cynorkis ridleyi",,,,"Cynorkis ridleyi"
"296","Cynorkis sacculata","2015","CR","Critically Endangered","Cynorkis sacculata"
"297","Cyphostemma elephantopus",,,,"Cyphostemma elephantopus"
"298","Cyphostemma laza","2021","NT","Near Threatened","Cyphostemma laza"
"299","Cyphostemma montagnacii",,,,"Cyphostemma montagnacii"
"300","Cypripedium parviflorum","2014","LC","Least Concern","Cypripedium parviflorum"
"301","Cypripedium reginae","2014","LC","Least Concern","Cypripedium reginae"
"302","Cyrtopodium punctatum",,,,"Cyrtopodium punctatum"
"303","Dactylorhiza incarnata",,,,"Dactylorhiza incarnata"
"304","Decarya madagascariensis","2019","NT","Near Threatened","Decarya madagascariensis"
"305","Dendrobium aduncum",,,,"Dendrobium aduncum"
"306","Dendrobium aggregatum",,,,"Dendrobium aggregatum"
"307","Dendrobium aloifolium","2013","LC","Least Concern","Dendrobium aloifolium"
"308","Dendrobium amabile",,,,"Dendrobium amabile"
"309","Dendrobium anosmum",,,,"Dendrobium anosmum"
"310","Dendrobium aphyllum","2013","LC","Least Concern","Dendrobium aphyllum"
"311","Dendrobium bellatulum",,,,"Dendrobium bellatulum"
"312","Dendrobium brymerianum",,,,"Dendrobium brymerianum"
"313","Dendrobium capillipes",,,,"Dendrobium capillipes"
"314","Dendrobium cariniferum",,,,"Dendrobium cariniferum"
"315","Dendrobium cathcartii",,,,"Dendrobium cathcartii"
"316","Dendrobium chlorostylum",,,,"Dendrobium chlorostylum"
"317","Dendrobium christyanum",,,,"Dendrobium christyanum"
"318","Dendrobium chrysanthum",,,,"Dendrobium chrysanthum"
"319","Dendrobium chryseum",,,,"Dendrobium chryseum"
"320","Dendrobium chrysotoxum",,,,"Dendrobium chrysotoxum"
"321","Dendrobium crepidatum",,,,"Dendrobium crepidatum"
"322","Dendrobium cruentum",,,,"Dendrobium cruentum"
"323","Dendrobium crumenatum",,,,"Dendrobium crumenatum"
"324","Dendrobium crystallinum",,,,"Dendrobium crystallinum"
"325","Dendrobium delacourii",,,,"Dendrobium delacourii"
"326","Dendrobium densiflorum",,,,"Dendrobium densiflorum"
"327","Dendrobium devonianum",,,,"Dendrobium devonianum"
"328","Dendrobium dickasonii",,,,"Dendrobium dickasonii"
"329","Dendrobium draconis",,,,"Dendrobium draconis"
"330","Dendrobium exile",,,,"Dendrobium exile"
"331","Dendrobium falconeri",,,,"Dendrobium falconeri"
"332","Dendrobium farmeri",,,,"Dendrobium farmeri"
"333","Dendrobium fimbriatum",,,,"Dendrobium fimbriatum"
"334","Dendrobium formosum",,,,"Dendrobium formosum"
"335","Dendrobium gibsonii",,,,"Dendrobium gibsonii"
"336","Dendrobium gratiosissimum",,,,"Dendrobium gratiosissimum"
"337","Dendrobium hancockii",,,,"Dendrobium hancockii"
"338","Dendrobium harveyanum",,,,"Dendrobium harveyanum"
"339","Dendrobium hemimelanoglossum",,,,"Dendrobium hemimelanoglossum"
"340","Dendrobium hercoglossum",,,,"Dendrobium hercoglossum"
"341","Dendrobium infundibulum",,,,"Dendrobium infundibulum"
"342","Dendrobium kentrophyllum",,,,"Dendrobium kentrophyllum"
"343","Dendrobium langbianense",,,,"Dendrobium langbianense"
"344","Dendrobium lindleyi",,,,"Dendrobium lindleyi"
"345","Dendrobium longicornu",,,,"Dendrobium longicornu"
"346","Dendrobium nathanielis",,,,"Dendrobium nathanielis"
"347","Dendrobium nobile",,,,"Dendrobium nobile"
"348","Dendrobium ochraceum",,,,"Dendrobium ochraceum"
"349","Dendrobium oligophyllum",,,,"Dendrobium oligophyllum"
"350","Dendrobium palpebrae",,,,"Dendrobium palpebrae"
"351","Dendrobium parciflorum",,,,"Dendrobium parciflorum"
"352","Dendrobium parishii",,,,"Dendrobium parishii"
"353","Dendrobium pendulum",,,,"Dendrobium pendulum"
"354","Dendrobium podagraria",,,,"Dendrobium podagraria"
"355","Dendrobium primulinum",,,,"Dendrobium primulinum"
"356","Dendrobium pseudointricatum",,,,"Dendrobium pseudointricatum"
"357","Dendrobium pulchellum",,,,"Dendrobium pulchellum"
"358","Dendrobium revolutum",,,,"Dendrobium revolutum"
"359","Dendrobium secundum",,,,"Dendrobium secundum"
"360","Dendrobium sulcatum",,,,"Dendrobium sulcatum"
"361","Dendrobium terminale",,,,"Dendrobium terminale"
"362","Dendrobium thyrsiflorum",,,,"Dendrobium thyrsiflorum"
"363","Dendrobium tortile",,,,"Dendrobium tortile"
"364","Dendrobium transparens",,,,"Dendrobium transparens"
"365","Dendrobium unicum",,,,"Dendrobium unicum"
"366","Dendrobium virgineum",,,,"Dendrobium virgineum"
"367","Dendrobium wardianum",,,,"Dendrobium wardianum"
"368","Dendrobium wattii",,,,"Dendrobium wattii"
"369","Dendrobium williamsonii",,,,"Dendrobium williamsonii"
"370","Dendrocereus undulosus","2017","DD","Data Deficient","Dendrocereus undulosus"
"371","Dendrocereus undulosus","2013","DD","Data Deficient","Dendrocereus undulosus"
"372","Dendrolirium lasiopetalum",,,,"Dendrolirium lasiopetalum"
"373","Dendrophylax barrettiae",,,,"Dendrophylax barrettiae"
"374","Dendrophylax funalis",,,,"Dendrophylax funalis"
"375","Dendrophylax porrectus",,,,"Dendrophylax porrectus"
"376","Dichaea glauca",,,,"Dichaea glauca"
"377","Dicksonia antarctica",,,,"Dicksonia antarctica"
"378","Dicksonia fibrosa",,,,"Dicksonia fibrosa"
"379","Dicksonia squarrosa",,,,"Dicksonia squarrosa"
"380","Didierea madagascariensis","2019","LC","Least Concern","Didierea madagascariensis"
"381","Didierea trollii","2019","VU","Vulnerable","Didierea trollii"
"382","Dienia ophrydis",,,,"Dienia ophrydis"
"383","Dilomilis montana",,,,"Dilomilis montana"
"384","Dimerandra emarginata",,,,"Dimerandra emarginata"
"385","Dinema polybulbon",,,,"Dinema polybulbon"
"386","Dipodium paludosum",,,,"Dipodium paludosum"
"387","Disa caffra",,,,"Disa caffra"
"388","Disa incarnata",,,,"Disa incarnata"
"389","Disocactus speciosus","2013","LC","Least Concern","Disocactus speciosus"
"390","Dypsis decaryi","2012","VU","Vulnerable","Dypsis decaryi"
"391","Dypsis decaryi","1998","V","Vulnerable","Dypsis decaryi"
"392","Dypsis decaryi","1998","VU","Vulnerable","Dypsis decaryi"
"393","Earina mucronata",,,,"Earina mucronata"
"394","Echinocactus grusonii","2013","EN","Endangered","Echinocactus grusonii"
"395","Echinocactus grusonii","2002","CR","Critically Endangered","Echinocactus grusonii"
"396","Echinocactus horizonthalonius","2017","LC","Least Concern","Echinocactus horizonthalonius"
"397","Echinocactus horizonthalonius","2013","LC","Least Concern","Echinocactus horizonthalonius"
"398","Echinocactus texensis","2017","LC","Least Concern","Echinocactus texensis"
"399","Echinocactus texensis","2013","LC","Least Concern","Echinocactus texensis"
"400","Echinocereus rigidissimus","2017","LC","Least Concern","Echinocereus rigidissimus"
"401","Echinocereus rigidissimus","2013","LC","Least Concern","Echinocereus rigidissimus"
"402","Echinopsis chalaensis",,,,"Echinopsis chalaensis"
"403","Echinopsis chiloensis","2017","LC","Least Concern","Echinopsis chiloensis"
"404","Echinopsis chiloensis","2013","LC","Least Concern","Echinopsis chiloensis"
"405","Echinopsis cuzcoensis","2013","LC","Least Concern","Echinopsis cuzcoensis"
"406","Echinopsis lageniformis","2013","LC","Least Concern","Echinopsis lageniformis"
"407","Echinopsis pachanoi","2013","LC","Least Concern","Echinopsis pachanoi"
"408","Echinopsis peruviana","2013","LC","Least Concern","Echinopsis peruviana"
"409","Elleanthus longibracteatus",,,,"Elleanthus longibracteatus"
"410","Eltroplectris calcarata",,,,"Eltroplectris calcarata"
"411","Encyclia alata",,,,"Encyclia alata"
"412","Encyclia amanda",,,,"Encyclia amanda"
"413","Encyclia boothiana",,,,"Encyclia boothiana"
"414","Encyclia bractescens",,,,"Encyclia bractescens"
"415","Encyclia chacaoensis",,,,"Encyclia chacaoensis"
"416","Encyclia cochleata",,,,"Encyclia cochleata"
"417","Encyclia distantiflora",,,,"Encyclia distantiflora"
"418","Encyclia fragrans",,,,"Encyclia fragrans"
"419","Encyclia guatemalensis",,,,"Encyclia guatemalensis"
"420","Encyclia michuacana",,,,"Encyclia michuacana"
"421","Encyclia microtos",,,,"Encyclia microtos"
"422","Encyclia polybulbon",,,,"Encyclia polybulbon"
"423","Encyclia pygmaea",,,,"Encyclia pygmaea"
"424","Encyclia radiata",,,,"Encyclia radiata"
"425","Encyclia sintenisii",,,,"Encyclia sintenisii"
"426","Encyclia tampensis",,,,"Encyclia tampensis"
"427","Epidendrum acunae",,,,"Epidendrum acunae"
"428","Epidendrum anceps",,,,"Epidendrum anceps"
"429","Epidendrum ciliare",,,,"Epidendrum ciliare"
"430","Epidendrum cristatum",,,,"Epidendrum cristatum"
"431","Epidendrum cusii",,,,"Epidendrum cusii"
"432","Epidendrum difforme",,,,"Epidendrum difforme"
"433","Epidendrum diffusum",,,,"Epidendrum diffusum"
"434","Epidendrum hawkesii",,,,"Epidendrum hawkesii"
"435","Epidendrum jamaicense",,,,"Epidendrum jamaicense"
"436","Epidendrum lanipes",,,,"Epidendrum lanipes"
"437","Epidendrum nocturnum",,,,"Epidendrum nocturnum"
"438","Epidendrum nutans",,,,"Epidendrum nutans"
"439","Epidendrum paniculatum","2018","DD","Data Deficient","Epidendrum paniculatum"
"440","Epidendrum polyanthum",,,,"Epidendrum polyanthum"
"441","Epidendrum ramosum","2017","LC","Least Concern","Epidendrum rigidum"
"442","Epidendrum secundum",,,,"Epidendrum secundum"
"443","Epidendrum stamfordianum",,,,"Epidendrum stamfordianum"
"444","Epidendrum strobiliferum",,,,"Epidendrum strobiliferum"
"445","Epigeneium amplum",,,,"Epigeneium amplum"
"446","Epigeneium chapaense",,,,"Epigeneium chapaense"
"447","Epithelantha micromeris","2017","LC","Least Concern","Epithelantha micromeris"
"448","Epithelantha micromeris","2013","LC","Least Concern","Epithelantha micromeris"
"449","Epithelantha micromeris","2009","LC","Least Concern","Epithelantha micromeris"
"450","Erasanthe henrici",,,,"Erasanthe henrici"
"451","Erycina pusilla",,,,"Erycina pusilla"
"452","Espostoa guentheri","2013","NT","Near Threatened","Espostoa guentheri"
"453","Eulophia flava",,,,"Eulophia flava"
"454","Eulophia ibityensis",,,,"Eulophia ibityensis"
"455","Eulophia nuda",,,,"Eulophia nuda"
"456","Eulophia perrieri",,,,"Eulophia perrieri"
"457","Eulophia pulchra",,,,"Eulophia pulchra"
"458","Eulophiella elisabethae",,,,"Eulophiella elisabethae"
"459","Eulophiella roempleriana",,,,"Eulophiella roempleriana"
"460","Eulychnia acida","2013","LC","Least Concern","Eulychnia acida"
"461","Euphorbia albipollinifera",,,,"Euphorbia albipollinifera"
"462","Euphorbia alfredii","2004","VU","Vulnerable","Euphorbia alfredii"
"463","Euphorbia ankarensis","2004","EN","Endangered","Euphorbia ankarensis"
"464","Euphorbia antso","2020","LC","Least Concern","Euphorbia antso"
"465","Euphorbia antso","2004","LC","Least Concern","Euphorbia antso"
"466","Euphorbia astrophora",,,,"Euphorbia astrophora"
"467","Euphorbia aureoviridiflora","2004","VU","Vulnerable","Euphorbia aureoviridiflora"
"468","Euphorbia baga",,,,"Euphorbia baga"
"469","Euphorbia banae","2004","VU","Vulnerable","Euphorbia banae"
"470","Euphorbia beharensis","2004","VU","Vulnerable","Euphorbia beharensis"
"471","Euphorbia berorohae","2004","CR","Critically Endangered","Euphorbia berorohae"
"472","Euphorbia biaculeata","2004","VU","Vulnerable","Euphorbia biaculeata"
"473","Euphorbia bongolavensis","2019","EN","Endangered","Euphorbia bongolavensis"
"474","Euphorbia bongolavensis","2004","VU","Vulnerable","Euphorbia bongolavensis"
"475","Euphorbia bulbispina","2004","VU","Vulnerable","Euphorbia bulbispina"
"476","Euphorbia candelabrum","2019","LC","Least Concern","Euphorbia candelabrum"
"477","Euphorbia capmanambatoensis","2004","CR","Critically Endangered","Euphorbia capmanambatoensis"
"478","Euphorbia clava",,,,"Euphorbia clava"
"479","Euphorbia clavarioides",,,,"Euphorbia clavarioides"
"480","Euphorbia clavigera",,,,"Euphorbia clavigera"
"481","Euphorbia colliculina",,,,"Euphorbia colliculina"
"482","Euphorbia crassipes",,,,"Euphorbia crassipes"
"483","Euphorbia croizatii","2004","EN","Endangered","Euphorbia croizatii"
"484","Euphorbia denisiana","2004","VU","Vulnerable","Euphorbia denisiana"
"485","Euphorbia didiereoides","2004","EN","Endangered","Euphorbia didiereoides"
"486","Euphorbia duranii","2004","EN","Endangered","Euphorbia duranii"
"487","Euphorbia elliotii","2020","EN","Endangered","Euphorbia elliotii"
"488","Euphorbia elliotii","2004","EN","Endangered","Euphorbia elliotii"
"489","Euphorbia famatamboay","2020","VU","Vulnerable","Euphorbia famatamboay"
"490","Euphorbia famatamboay","2004","VU","Vulnerable","Euphorbia famatamboay"
"491","Euphorbia fianarantsoae","2004","VU","Vulnerable","Euphorbia fianarantsoae"
"492","Euphorbia fusca",,,,"Euphorbia fusca"
"493","Euphorbia genoudiana",,,,"Euphorbia genoudiana"
"494","Euphorbia globosa",,,,"Euphorbia globosa"
"495","Euphorbia gorgonis",,,,"Euphorbia gorgonis"
"496","Euphorbia gracilicaulis","2019","LC","Least Concern","Euphorbia gracilicaulis"
"497","Euphorbia griseola","2021","LC","Least Concern","Euphorbia griseola"
"498","Euphorbia guillauminiana","2004","EN","Endangered","Euphorbia guillauminiana"
"499","Euphorbia hedyotoides","2004","EN","Endangered","Euphorbia hedyotoides"
"500","Euphorbia herman-schwartzii","2004","EN","Endangered","Euphorbia herman-schwartzii"
"501","Euphorbia hofstaetteri","2004","VU","Vulnerable","Euphorbia hofstaetteri"
"502","Euphorbia horombensis","2004","EN","Endangered","Euphorbia horombensis"
"503","Euphorbia iharanae","2004","CR","Critically Endangered","Euphorbia iharanae"
"504","Euphorbia itremensis","2004","VU","Vulnerable","Euphorbia itremensis"
"505","Euphorbia knuthii",,,,"Euphorbia knuthii"
"506","Euphorbia kondoi","2004","CR","Critically Endangered","Euphorbia kondoi"
"507","Euphorbia labatii","2004","CR","Critically Endangered","Euphorbia labatii"
"508","Euphorbia leandriana",,,,"Euphorbia leandriana"
"509","Euphorbia leuconeura","2004","VU","Vulnerable","Euphorbia leuconeura"
"510","Euphorbia lophogona","2004","VU","Vulnerable","Euphorbia lophogona"
"511","Euphorbia mahabobokensis","2004","VU","Vulnerable","Euphorbia mahabobokensis"
"512","Euphorbia mainty","2019","LC","Least Concern","Euphorbia mainty"
"513","Euphorbia mainty","2004","LC","Least Concern","Euphorbia mainty"
"514","Euphorbia mangokyensis","2004","EN","Endangered","Euphorbia mangokyensis"
"515","Euphorbia meloformis",,,,"Euphorbia meloformis"
"516","Euphorbia meridionalis",,,,"Euphorbia meridionalis"
"517","Euphorbia milii","2020","LC","Least Concern","Euphorbia milii"
"518","Euphorbia milii","2004","DD","Data Deficient","Euphorbia milii"
"519","Euphorbia millotii","2004","CR","Critically Endangered","Euphorbia millotii"
"520","Euphorbia mlanjeana",,,,"Euphorbia mlanjeana"
"521","Euphorbia multiceps",,,,"Euphorbia multiceps"
"522","Euphorbia neohumbertii","2004","EN","Endangered","Euphorbia neohumbertii"
"523","Euphorbia pachypodioides","2004","CR","Critically Endangered","Euphorbia pachypodioides"
"524","Euphorbia paulianii","2004","VU","Vulnerable","Euphorbia paulianii"
"525","Euphorbia pedilanthoides","2004","NT","Near Threatened","Euphorbia pedilanthoides"
"526","Euphorbia perrieri","2004","VU","Vulnerable","Euphorbia perrieri"
"527","Euphorbia poissonii",,,,"Euphorbia poissonii"
"528","Euphorbia primulifolia","2004","VU","Vulnerable","Euphorbia primulifolia"
"529","Euphorbia razafindratsirae","2004","CR","Critically Endangered","Euphorbia razafindratsirae"
"530","Euphorbia razafinjohanyi","2004","DD","Data Deficient","Euphorbia razafinjohanii"
"531","Euphorbia robivelonae","2017","EN","Endangered","Euphorbia robivelonae"
"532","Euphorbia robivelonae","2004","CR","Critically Endangered","Euphorbia robivelonae"
"533","Euphorbia rossii","2004","VU","Vulnerable","Euphorbia rossii"
"534","Euphorbia sakarahaensis","2004","VU","Vulnerable","Euphorbia sakarahaensis"
"535","Euphorbia schoenlandii",,,,"Euphorbia schoenlandii"
"536","Euphorbia silenifolia",,,,"Euphorbia silenifolia"
"537","Euphorbia squarrosa",,,,"Euphorbia squarrosa"
"538","Euphorbia stellata",,,,"Euphorbia stellata"
"539","Euphorbia stellispina",,,,"Euphorbia stellispina"
"540","Euphorbia susannae",,,,"Euphorbia susannae"
"541","Euphorbia suzannae-marnierae",,,,"Euphorbia suzannae-marnierae"
"542","Euphorbia tortirama",,,,"Euphorbia tortirama"
"543","Euphorbia unispina",,,,"Euphorbia unispina"
"544","Euphorbia venenifica",,,,"Euphorbia venenifica"
"545","Euphorbia viguieri",,,,"Euphorbia viguieri"
"546","Euphorbia waringiae","2004","VU","Vulnerable","Euphorbia waringiae"
"547","Ferocactus chrysacanthus","2013","EN","Endangered","Ferocactus chrysacanthus"
"548","Ferocactus cylindraceus","2013","LC","Least Concern","Ferocactus cylindraceus"
"549","Ferocactus gracilis","2013","LC","Least Concern","Ferocactus gracilis"
"550","Flickingeria laciniosa",,,,"Flickingeria laciniosa"
"551","Frailea castanea","2017","LC","Least Concern","Frailea castanea"
"552","Frailea castanea","2013","LC","Least Concern","Frailea castanea"
"553","Frailea cataphracta","2013","NT","Near Threatened","Frailea cataphracta"
"554","Galanthus elwesii","2011","DD","Data Deficient","Galanthus elwesii"
"555","Galanthus elwesii","1998","I","Indeterminate","Galanthus elwesii"
"556","Galanthus nivalis","2011","NT","Near Threatened","Galanthus nivalis"
"557","Galanthus woronowii",,,,"Galanthus woronowii"
"558","Galeandra batemanii",,,,"Galeandra batemanii"
"559","Gastrorchis francoisii",,,,"Gastrorchis francoisii"
"560","Gastrorchis humblotii",,,,"Gastrorchis humblotii"
"561","Gastrorchis lutea",,,,"Gastrorchis lutea"
"562","Gastrorchis peyrotii",,,,"Gastrorchis peyrotii"
"563","Gastrorchis pulchra",,,,"Gastrorchis pulchra"
"564","Gastrorchis tuberculosa","2015","EN","Endangered","Gastrorchis tuberculosa"
"565","Geohintonia mexicana","2013","NT","Near Threatened","Geohintonia mexicana"
"566","Gongora fulva",,,,"Gongora fulva"
"567","Gongora maculata",,,,"Gongora maculata"
"568","Gongora quinquenervis",,,,"Gongora quinquenervis"
"569","Gongora scaphephorus",,,,"Gongora scaphephorus"
"570","Gongora truncata",,,,"Gongora truncata"
"571","Gongora unicolor",,,,"Gongora unicolor"
"572","Grammangis ellisii",,,,"Grammangis ellisii"
"573","Graphorkis scripta",,,,"Graphorkis scripta"
"574","Habenaria rhodocheila",,,,"Habenaria rhodocheila"
"575","Holcoglossum subulifolium",,,,"Holcoglossum subulifolium"
"576","Hygrochilus parishii",,,,"Hygrochilus parishii"
"577","Ionopsis satyrioides",,,,"Ionopsis satyrioides"
"578","Ionopsis utricularioides",,,,"Ionopsis utricularioides"
"579","Isochilus carnosiflorus",,,,"Isochilus carnosiflorus"
"580","Isochilus linearis",,,,"Isochilus linearis"
"581","Jumellea angustifolia",,,,"Jumellea angustifolia"
"582","Jumellea ibityana",,,,"Jumellea ibityana"
"583","Jumellea jumelleana",,,,"Jumellea jumelleana"
"584","Jumellea major",,,,"Jumellea major"
"585","Jumellea maxillarioides",,,,"Jumellea maxillarioides"
"586","Jumellea punctata",,,,"Jumellea punctata"
"587","Jumellea rigida",,,,"Jumellea rigida"
"588","Jumellea teretifolia",,,,"Jumellea teretifolia"
"589","Kingidium decumbens",,,,"Kingidium decumbens"
"590","Laelia purpurata",,,,"Laelia purpurata"
"591","Leochilus labiatus",,,,"Leochilus labiatus"
"592","Lepanthes divaricata",,,,"Lepanthes divaricata"
"593","Lepanthes ovalis",,,,"Lepanthes ovalis"
"594","Lepanthopsis microlepanthes",,,,"Lepanthopsis microlepanthes"
"595","Lepidozamia peroffskyana","2022","LC","Least Concern","Lepidozamia peroffskyana"
"596","Lepidozamia peroffskyana","2010","LC","Least Concern","Lepidozamia peroffskyana"
"597","Lepidozamia peroffskyana","2003","LC","Least Concern","Lepidozamia peroffskyana"
"598","Leptocereus paniculatus","2013","VU","Vulnerable","Leptocereus paniculatus"
"599","Leptocereus weingartianus","2017","LC","Least Concern","Leptocereus weingartianus"
"600","Leptocereus weingartianus","2013","LC","Least Concern","Leptocereus weingartianus"
"601","Lockhartia hercodonta",,,,"Lockhartia hercodonta"
"602","Luisia tristis",,,,"Luisia tristis"
"603","Luisia zollingeri",,,,"Luisia zollingeri"
"604","Lycaste aromatica",,,,"Lycaste aromatica"
"605","Lycaste cochleata",,,,"Lycaste cochleata"
"606","Lycaste cruenta",,,,"Lycaste cruenta"
"607","Lycaste macrophylla",,,,"Lycaste macrophylla"
"608","Macradenia brassavolae",,,,"Macradenia brassavolae"
"609","Macradenia lutescens",,,,"Macradenia lutescens"
"610","Macrozamia cardiacensis","2022","VU","Vulnerable","Macrozamia cardiacensis"
"611","Macrozamia cardiacensis","2010","VU","Vulnerable","Macrozamia cardiacensis"
"612","Macrozamia cardiacensis","2003","LC","Least Concern","Macrozamia cardiacensis"
"613","Macrozamia communis","2022","LC","Least Concern","Macrozamia communis"
"614","Macrozamia communis","2010","LC","Least Concern","Macrozamia communis"
"615","Macrozamia communis","2003","LC","Least Concern","Macrozamia communis"
"616","Macrozamia longispina","2022","NT","Near Threatened","Macrozamia longispina"
"617","Macrozamia longispina","2010","NT","Near Threatened","Macrozamia longispina"
"618","Macrozamia longispina","2003","LC","Least Concern","Macrozamia longispina"
"619","Macrozamia lucida","2022","LC","Least Concern","Macrozamia lucida"
"620","Macrozamia lucida","2010","LC","Least Concern","Macrozamia lucida"
"621","Macrozamia lucida","2003","LC","Least Concern","Macrozamia lucida"
"622","Macrozamia miquelii","2022","LC","Least Concern","Macrozamia miquelii"
"623","Macrozamia miquelii","2010","LC","Least Concern","Macrozamia miquelii"
"624","Macrozamia miquelii","2003","LC","Least Concern","Macrozamia miquelii"
"625","Macrozamia moorei","2022","NT","Near Threatened","Macrozamia moorei"
"626","Macrozamia moorei","2010","NT","Near Threatened","Macrozamia moorei"
"627","Macrozamia moorei","2003","LC","Least Concern","Macrozamia moorei"
"628","Macrozamia mountperriensis","2022","LC","Least Concern","Macrozamia mountperriensis"
"629","Macrozamia mountperriensis","2010","LC","Least Concern","Macrozamia mountperriensis"
"630","Macrozamia mountperriensis","2003","LC","Least Concern","Macrozamia mountperriensis"
"631","Macrozamia mountperriensis","1998","V","Vulnerable","Macrozamia mountperriensis"
"632","Macrozamia riedlei","2022","LC","Least Concern","Macrozamia riedlei"
"633","Macrozamia riedlei","2010","LC","Least Concern","Macrozamia riedlei"
"634","Macrozamia riedlei","2003","LC","Least Concern","Macrozamia riedlei"
"635","Mammillaria carmenae","2013","CR","Critically Endangered","Mammillaria carmenae"
"636","Mammillaria herrerae","2013","CR","Critically Endangered","Mammillaria herrerae"
"637","Mammillaria herrerae","2002","CR","Critically Endangered","Mammillaria herrerae"
"638","Mammillaria pringlei","2013","VU","Vulnerable","Mammillaria pringlei"
"639","Masdevallia cardiantha",,,,"Masdevallia cardiantha"
"640","Masdevallia floribunda",,,,"Masdevallia floribunda"
"641","Masdevallia mezae",,,,"Masdevallia mezae"
"642","Masdevallia rigens",,,,"Masdevallia rigens"
"643","Masdevallia weberbaueri",,,,"Masdevallia weberbaueri"
"644","Matucana madisoniorum","2013","CR","Critically Endangered","Matucana madisoniorum"
"645","Matucana weberbaueri","2013","EN","Endangered","Matucana weberbaueri"
"646","Maxillaria alba",,,,"Maxillaria alba"
"647","Maxillaria crassifolia",,,,"Maxillaria crassifolia"
"648","Maxillaria densa",,,,"Maxillaria densa"
"649","Maxillaria egertoniana",,,,"Maxillaria egertoniana"
"650","Maxillaria elatior",,,,"Maxillaria elatior"
"651","Maxillaria friedrichsthalii",,,,"Maxillaria friedrichsthalii"
"652","Maxillaria fulgens",,,,"Maxillaria fulgens"
"653","Maxillaria ringens",,,,"Maxillaria ringens"
"654","Maxillaria rufescens",,,,"Maxillaria rufescens"
"655","Maxillaria sanderiana",,,,"Maxillaria sanderiana"
"656","Maxillaria setigera",,,,"Maxillaria setigera"
"657","Maxillaria speciosa",,,,"Maxillaria speciosa"
"658","Maxillaria tenuifolia",,,,"Maxillaria tenuifolia"
"659","Maxillaria uncata",,,,"Maxillaria uncata"
"660","Maxillaria variabilis",,,,"Maxillaria variabilis"
"661","Megastylis latissima","2021","VU","Vulnerable","Megastylis latissima"
"662","Megastylis rara","2021","LC","Least Concern","Megastylis rara"
"663","Melocactus lemairei","2017","NT","Near Threatened","Melocactus lemairei"
"664","Melocactus lemairei","2013","NT","Near Threatened","Melocactus lemairei"
"665","Melocactus matanzanus","2013","EN","Endangered","Melocactus matanzanus"
"666","Melocactus praerupticola","2017","DD","Data Deficient","Melocactus praerupticola"
"667","Melocactus praerupticola","2013","DD","Data Deficient","Melocactus praerupticola"
"668","Microcoelia aphylla",,,,"Microcoelia aphylla"
"669","Microcoelia gilpinae",,,,"Microcoelia gilpinae"
"670","Microcoelia macrantha",,,,"Microcoelia macrantha"
"671","Micropera pallida",,,,"Micropera pallida"
"672","Miltoniopsis santanaei",,,,"Miltoniopsis santanaei"
"673","Mormolyca ringens",,,,"Mormolyca ringens"
"674","Mycaranthes pannea",,,,"Mycaranthes pannea"
"675","Myrmecophila brysiana",,,,"Myrmecophila brysiana"
"676","Myrmecophila exaltata",,,,"Myrmecophila exaltata"
"677","Myrmecophila grandiflora",,,,"Myrmecophila grandiflora"
"678","Myrmecophila humboldtii",,,,"Myrmecophila humboldtii"
"679","Myrmecophila tibicinis",,,,"Myrmecophila tibicinis"
"680","Neobathiea perrieri",,,,"Neobathiea perrieri"
"681","Neocogniauxia hexaptera",,,,"Neocogniauxia hexaptera"
"682","Neocogniauxia monophylla",,,,"Neocogniauxia monophylla"
"683","Neofinetia falcata",,,,"Neofinetia falcata"
"684","Nepenthes albomarginata","2018","LC","Least Concern","Nepenthes albomarginata"
"685","Nepenthes albomarginata","2000","LR/cd","Lower Risk/conservation dependent","Nepenthes albomarginata"
"686","Nepenthes ampullaria","2018","LC","Least Concern","Nepenthes ampullaria"
"687","Nepenthes ampullaria","2000","LR/lc","Lower Risk/least concern","Nepenthes ampullaria"
"688","Nepenthes bellii","2018","LC","Least Concern","Nepenthes bellii"
"689","Nepenthes bellii","2000","EN","Endangered","Nepenthes bellii"
"690","Nepenthes bicalcarata","2000","VU","Vulnerable","Nepenthes bicalcarata"
"691","Nepenthes boschiana","2000","EN","Endangered","Nepenthes boschiana"
"692","Nepenthes gracilis","2018","LC","Least Concern","Nepenthes gracilis"
"693","Nepenthes gracilis","2000","LR/lc","Lower Risk/least concern","Nepenthes gracilis"
"694","Nepenthes hirsuta","2018","LC","Least Concern","Nepenthes hirsuta"
"695","Nepenthes hirsuta","2000","LR/cd","Lower Risk/conservation dependent","Nepenthes hirsuta"
"696","Nepenthes rafflesiana","2018","LC","Least Concern","Nepenthes hookeriana"
"697","Nepenthes rafflesiana","2018","LC","Least Concern","Nepenthes rafflesiana"
"698","Nepenthes rafflesiana","2000","LR/lc","Lower Risk/least concern","Nepenthes hookeriana"
"699","Nepenthes rafflesiana","2000","LR/lc","Lower Risk/least concern","Nepenthes rafflesiana"
"700","Nepenthes maxima","2018","LC","Least Concern","Nepenthes maxima"
"701","Nepenthes maxima","2000","LR/lc","Lower Risk/least concern","Nepenthes maxima"
"702","Nepenthes mirabilis","2014","LC","Least Concern","Nepenthes mirabilis"
"703","Nepenthes rafflesiana","2018","LC","Least Concern","Nepenthes hookeriana"
"704","Nepenthes rafflesiana","2018","LC","Least Concern","Nepenthes rafflesiana"
"705","Nepenthes rafflesiana","2000","LR/lc","Lower Risk/least concern","Nepenthes hookeriana"
"706","Nepenthes rafflesiana","2000","LR/lc","Lower Risk/least concern","Nepenthes rafflesiana"
"707","Nepenthes sumatrana","2014","CR","Critically Endangered","Nepenthes sumatrana"
"708","Nepenthes sumatrana","2000","LR/lc","Lower Risk/least concern","Nepenthes sumatrana"
"709","Nepenthes truncata","2000","EN","Endangered","Nepenthes truncata"
"710","Nepenthes veitchii","2018","LC","Least Concern","Nepenthes veitchii"
"711","Nepenthes veitchii","2000","LR/nt","Lower Risk/near threatened","Nepenthes veitchii"
"712","Nepenthes ventricosa","2018","LC","Least Concern","Nepenthes ventricosa"
"713","Nepenthes ventricosa","2000","LR/nt","Lower Risk/near threatened","Nepenthes ventricosa"
"714","Nephelaphyllum pulchrum",,,,"Nephelaphyllum pulchrum"
"715","Nephelaphyllum tenuiflorum",,,,"Nephelaphyllum tenuiflorum"
"716","Nidema boothii",,,,"Nidema boothii"
"717","Notylia barkeri",,,,"Notylia barkeri"
"718","Oberonia ensiformis",,,,"Oberonia ensiformis"
"719","Oberonia pachyphylla",,,,"Oberonia pachyphylla"
"720","Oeceoclades calcarata",,,,"Oeceoclades calcarata"
"721","Oeceoclades decaryana",,,,"Oeceoclades decaryana"
"722","Oeceoclades humbertii",,,,"Oeceoclades humbertii"
"723","Oeceoclades maculata","2013","LC","Least Concern","Oeceoclades maculata"
"724","Oeceoclades perrieri",,,,"Oeceoclades perrieri"
"725","Oeceoclades rauhii",,,,"Oeceoclades rauhii"
"726","Oeceoclades spathulifera",,,,"Oeceoclades spathulifera"
"727","Oeonia rosea",,,,"Oeonia rosea"
"728","Oeonia volucris",,,,"Oeonia volucris"
"729","Oeoniella polystachys",,,,"Oeoniella polystachys"
"730","Oncidium altissimum",,,,"Oncidium altissimum"
"731","Oncidium deltoideum",,,,"Oncidium deltoideum"
"732","Oncidium ensatum","2015","LC","Least Concern","Oncidium ensatum"
"733","Oncidium hastatum",,,,"Oncidium hastatum"
"734","Oncidium retusum",,,,"Oncidium retusum"
"735","Oncidium sphacelatum",,,,"Oncidium sphacelatum"
"736","Operculicarya decaryi","2015","LC","Least Concern","Operculicarya decaryi"
"737","Operculicarya hyphaenoides","2015","EN","Endangered","Operculicarya hyphaenoides"
"738","Operculicarya pachypus","2015","EN","Endangered","Operculicarya pachypus"
"739","Orchis militaris",,,,"Orchis militaris"
"740","Ornithocephalus bicornis",,,,"Ornithocephalus bicornis"
"741","Ornithocephalus gladiatus",,,,"Ornithocephalus gladiatus"
"742","Ornithocephalus inflexus",,,,"Ornithocephalus inflexus"
"743","Ornithochilus difformis",,,,"Ornithochilus difformis"
"744","Pachypodium bispinosum",,,,"Pachypodium bispinosum"
"745","Pachypodium brevicaule","2015","VU","Vulnerable","Pachypodium brevicaule"
"746","Pachypodium densiflorum",,,,"Pachypodium densiflorum"
"747","Pachypodium eburneum","2015","CR","Critically Endangered","Pachypodium eburneum"
"748","Pachypodium geayi","2015","LC","Least Concern","Pachypodium geayi"
"749","Pachypodium horombense",,,,"Pachypodium horombense"
"750","Pachypodium inopinatum","2015","CR","Critically Endangered","Pachypodium inopinatum"
"751","Pachypodium lamerei","2020","LC","Least Concern","Pachypodium lamerei"
"752","Pachypodium lealii",,,,"Pachypodium lealii"
"753","Pachypodium rosulatum",,,,"Pachypodium rosulatum"
"754","Pachypodium rutenbergianum","2020","LC","Least Concern","Pachypodium rutenbergianum"
"755","Pachypodium sofiense","2020","VU","Vulnerable","Pachypodium sofiense"
"756","Pachypodium succulentum",,,,"Pachypodium succulentum"
"757","Papilionanthe pedunculata",,,,"Papilionanthe pedunculata"
"758","Pecteilis susannae",,,,"Pecteilis susannae"
"759","Pelatantheria ctenoglossum",,,,"Pelatantheria ctenoglossum"
"760","Pericopsis elata","2020","EN","Endangered","Pericopsis elata"
"761","Pericopsis elata","1998","nt","Not Threatened","Pericopsis elata"
"762","Pericopsis elata","1998","EN","Endangered","Pericopsis elata"
"763","Peristeria elata",,,,"Peristeria elata"
"764","Pescatoria hirtzii",,,,"Pescatoria hirtzii"
"765","Phaius indigofer",,,,"Phaius indigofer"
"766","Phaius mishmensis",,,,"Phaius mishmensis"
"767","Phaius pulchellus",,,,"Phaius pulchellus"
"768","Phaius tankervilleae",,,,"Phaius tankervilleae"
"769","Phalaenopsis amabilis",,,,"Phalaenopsis amabilis"
"770","Phalaenopsis gigantea",,,,"Phalaenopsis gigantea"
"771","Phalaenopsis mannii",,,,"Phalaenopsis mannii"
"772","Phalaenopsis parishii",,,,"Phalaenopsis parishii"
"773","Phalaenopsis pulcherrima",,,,"Phalaenopsis pulcherrima"
"774","Pholidota imbricata",,,,"Pholidota imbricata"
"775","Pinalia floribunda",,,,"Pinalia floribunda"
"776","Plectrophora cultrifolia",,,,"Plectrophora cultrifolia"
"777","Podocarpus neriifolius","2013","LC","Least Concern","Podocarpus neriifolius"
"778","Polystachya clavata",,,,"Polystachya clavata"
"779","Polystachya concreta",,,,"Polystachya concreta"
"780","Pomatocalpa spicatum",,,,"Pomatocalpa spicatum"
"781","Prosthechea pygmaea",,,,"Prosthechea pygmaea"
"782","Pteroceras teres",,,,"Pteroceras teres"
"783","Rauvolfia serpentina",,,,"Rauvolfia serpentina"
"784","Ravenea rivularis","2017","VU","Vulnerable","Ravenea rivularis"
"785","Ravenea rivularis","2012","EN","Endangered","Ravenea rivularis"
"786","Ravenea rivularis","1998","V","Vulnerable","Ravenea rivularis"
"787","Ravenea rivularis","1998","VU","Vulnerable","Ravenea rivularis"
"788","Renanthera annamensis",,,,"Renanthera annamensis"
"789","Renanthera coccinea",,,,"Renanthera coccinea"
"790","Renanthera imschootiana",,,,"Renanthera imschootiana"
"791","Restrepiella ophiocephala",,,,"Restrepiella ophiocephala"
"792","Rhipsalis baccifera","2013","LC","Least Concern","Rhipsalis baccifera"
"793","Rhyncholaelia digbyana",,,,"Rhyncholaelia digbyana"
"794","Rhyncholaelia glauca",,,,"Rhyncholaelia glauca"
"795","Rhynchostylis coelestis",,,,"Rhynchostylis coelestis"
"796","Rhynchostylis gigantea",,,,"Rhynchostylis gigantea"
"797","Rhynchostylis retusa",,,,"Rhynchostylis retusa"
"798","Sarcoglottis acaulis",,,,"Sarcoglottis acaulis"
"799","Sarcoglottis sceptrodes",,,,"Sarcoglottis sceptrodes"
"800","Sarracenia flava","2000","LR/lc","Lower Risk/least concern","Sarracenia flava"
"801","Sarracenia purpurea",,,,"Sarracenia purpurea"
"802","Scaphyglottis behrii",,,,"Scaphyglottis behrii"
"803","Scaphyglottis prolifera",,,,"Scaphyglottis prolifera"
"804","Schoenorchis gemmata",,,,"Schoenorchis gemmata"
"805","Schoenorchis micrantha",,,,"Schoenorchis micrantha"
"806","Schoenorchis tortifolia",,,,"Schoenorchis tortifolia"
"807","Schomburgkia lyonsii",,,,"Schomburgkia lyonsii"
"808","Senna meridionalis","2020","VU","Vulnerable","Senna meridionalis"
"809","Sobennikoffia humbertiana",,,,"Sobennikoffia humbertiana"
"810","Sobennikoffia robusta",,,,"Sobennikoffia robusta"
"811","Sobralia decora",,,,"Sobralia decora"
"812","Sobralia macrantha",,,,"Sobralia macrantha"
"813","Spathoglottis affinis",,,,"Spathoglottis affinis"
"814","Spathoglottis eburnea",,,,"Spathoglottis eburnea"
"815","Spathoglottis plicata",,,,"Spathoglottis plicata"
"816","Sphaeropteris cooperi",,,,"Sphaeropteris cooperi"
"817","Sphaeropteris excelsa",,,,"Sphaeropteris excelsa"
"818","Sphaeropteris glauca","2019","LC","Least Concern","Alsophila smithii"
"819","Sphaeropteris glauca","2019","LC","Least Concern","Sphaeropteris glauca"
"820","Sphaeropteris lepifera",,,,"Sphaeropteris lepifera"
"821","Sphaeropteris tomentosissima","2018","LC","Least Concern","Sphaeropteris tomentosissima"
"822","Stanhopea candida",,,,"Stanhopea candida"
"823","Stanhopea ecornuta",,,,"Stanhopea ecornuta"
"824","Stanhopea graveolens",,,,"Stanhopea graveolens"
"825","Stanhopea oculata",,,,"Stanhopea oculata"
"826","Stanhopea ruckeri",,,,"Stanhopea ruckeri"
"827","Stelis multirostris",,,,"Stelis multirostris"
"828","Stelis ophioglossoides",,,,"Stelis ophioglossoides"
"829","Stenocactus multicostatus","2017","DD","Data Deficient","Stenocactus multicostatus"
"830","Stenocactus multicostatus","2013","DD","Data Deficient","Stenocactus multicostatus"
"831","Stenorrhynchos speciosum",,,,"Stenorrhynchos speciosum"
"832","Stereochilus dalatensis",,,,"Stereochilus dalatensis"
"833","Sudamerlycaste barringtoniae",,,,"Sudamerlycaste barringtoniae"
"834","Sudamerlycaste ciliata",,,,"Sudamerlycaste ciliata"
"835","Tainia cordifolia",,,,"Tainia cordifolia"
"836","Thecostele alata",,,,"Thecostele alata"
"837","Thrixspermum centipeda",,,,"Thrixspermum centipeda"
"838","Trichocentrum ascendens",,,,"Trichocentrum ascendens"
"839","Trichocentrum lindenii",,,,"Trichocentrum lindenii"
"840","Trichocentrum panduratum",,,,"Trichocentrum panduratum"
"841","Trichocentrum undulatum",,,,"Trichocentrum undulatum"
"842","Trichoceros antennifer",,,,"Trichoceros antennifer"
"843","Trichoglottis fasciata",,,,"Trichoglottis fasciata"
"844","Trichoglottis retusa",,,,"Trichoglottis retusa"
"845","Trichopilia tortilis",,,,"Trichopilia tortilis"
"846","Uncarina grandidieri",,,,"Uncarina grandidieri"
"847","Uncarina stellulifera","2019","NT","Near Threatened","Uncarina stellulifera"
"848","Vanda bensonii",,,,"Vanda bensonii"
"849","Vanda bidupensis",,,,"Vanda bidupensis"
"850","Vanda coerulea",,,,"Vanda coerulea"
"851","Vanda coerulescens",,,,"Vanda coerulescens"
"852","Vanda concolor",,,,"Vanda concolor"
"853","Vanda denisoniana",,,,"Vanda denisoniana"
"854","Vanda lilacina",,,,"Vanda lilacina"
"855","Vanda pumila",,,,"Vanda pumila"
"856","Vandopsis gigantea",,,,"Vandopsis gigantea"
"857","Vanilla claviculata",,,,"Vanilla claviculata"
"858","Vanilla planifolia","2017","EN","Endangered","Vanilla planifolia"
"859","Vanilla pompona","2020","EN","Endangered","Vanilla pompona"
"860","Vanilla pompona","2017","EN","Endangered","Vanilla pompona"
"861","Xylobium elongatum",,,,"Xylobium elongatum"
"862","Zamia acuminata","2022","VU","Vulnerable","Zamia acuminata"
"863","Zamia chigua","2022","NT","Near Threatened","Zamia chigua"
"864","Zamia dressleri","2022","EN","Endangered","Zamia dressleri"
"865","Zamia dressleri","2010","EN","Endangered","Zamia dressleri"
"866","Zamia dressleri","2003","EN","Endangered","Zamia dressleri"
"867","Zamia dressleri","1998","E","Endangered","Zamia dressleri"
"868","Zamia elegantissima","2022","EN","Endangered","Zamia elegantissima"
"869","Zamia elegantissima","2010","EN","Endangered","Zamia elegantissima"
"870","Zamia furfuracea","2022","EN","Endangered","Zamia furfuracea"
"871","Zamia ipetiensis","2022","EN","Endangered","Zamia ipetiensis"
"872","Zamia ipetiensis","2010","EN","Endangered","Zamia ipetiensis"
"873","Zamia ipetiensis","2003","VU","Vulnerable","Zamia ipetiensis"
"874","Zamia ipetiensis","1998","V","Vulnerable","Zamia ipetiensis"
"875","Zamia manicata","2022","NT","Near Threatened","Zamia manicata"
"876","Zamia manicata","2010","NT","Near Threatened","Zamia manicata"
"877","Zamia manicata","2003","NT","Near Threatened","Zamia manicata"
"878","Zamia manicata","1998","R","Rare","Zamia manicata"
"879","Zamia nesophila","2022","CR","Critically Endangered","Zamia nesophila"
"880","Zamia obliqua","2022","LC","Least Concern","Zamia obliqua"
"881","Zamia obliqua","2010","NT","Near Threatened","Zamia obliqua"
"882","Zamia obliqua","2003","NT","Near Threatened","Zamia obliqua"
"883","Zamia obliqua","1998","I","Indeterminate","Zamia obliqua"
"884","Zygosicyos pubescens",,,,"Zygosicyos pubescens"
"885","Zygosicyos tripartitus",,,,"Zygosicyos tripartitus"
